<?xml version='1.0' encoding='UTF-8' ?>
<timeLogEntries>
  <time id="1" path="/Non Project/PSP for Engineers/Program 1/Planning" start="@1456082959050" delta="22" />
  <time id="2" path="/Non Project/PSP for Engineers/Program 1/Design" start="@1456085361516" delta="7" />
  <time id="3" path="/Non Project/PSP for Engineers/Program 1/Code" start="@1456086601168" delta="7" />
  <time id="4" path="/Non Project/PSP for Engineers/Program 1/Code" start="@1456087847040" delta="4" interrupt="1" />
  <time id="5" path="/Non Project/PSP for Engineers/Program 1/Test" start="@1456088264835" delta="2" />
  <time id="6" path="/Non Project/PSP for Engineers/Program 1/Design" start="@1456088503749" delta="5" />
  <time id="7" path="/Non Project/PSP for Engineers/Program 1/Code" start="@1456089731357" delta="10" interrupt="2" />
  <time id="8" path="/Non Project/PSP for Engineers/Program 1/Code" start="@1456091569267" delta="25" />
  <time id="9" path="/Non Project/PSP for Engineers/Program 1/Compile" start="@1456093099110" delta="3" />
  <time id="10" path="/Non Project/PSP for Engineers/Program 1/Test" start="@1456093272496" delta="2" />
  <time id="11" path="/Non Project/PSP for Engineers/Program 1/Design" start="@1456237517582" delta="2" />
  <time id="12" path="/Non Project/PSP for Engineers/Program 1/Design" start="@1456238338850" delta="5" />
  <time id="13" path="/Non Project/PSP for Engineers/Program 1/Code" start="@1456238621910" delta="12" />
  <time id="14" path="/Non Project/PSP for Engineers/Program 1/Code" start="@1456240296783" delta="3" />
  <time id="15" path="/Non Project/PSP for Engineers/Program 1/Compile" start="@1456240652221" delta="1" />
  <time id="16" path="/Non Project/PSP for Engineers/Program 1/Test" start="@1456240906716" delta="2" />
  <time id="17" path="/Non Project/PSP for Engineers/Program 1/Design" start="@1456336260652" delta="12" />
  <time id="18" path="/Non Project/PSP for Engineers/Program 1/Code" start="@1456337104342" delta="13" />
  <time id="19" path="/Non Project/PSP for Engineers/Program 1/Test" start="@1456337951358" delta="3" />
  <time id="20" path="/Non Project/PSP for Engineers/Program 1/Design" start="@1456340305274" delta="4" />
  <time id="21" path="/Non Project/PSP for Engineers/Program 1/Code" start="@1456340638981" delta="32" interrupt="13" />
  <time id="22" path="/Non Project/PSP for Engineers/Program 1/Compile" start="@1456343462586" delta="4" />
  <time id="23" path="/Non Project/PSP for Engineers/Program 1/Test" start="@1456343715627" delta="4" />
  <time id="24" path="/Non Project/PSP for Engineers/Program 1/Design" start="@1456344058301" delta="13" />
  <time id="25" path="/Non Project/PSP for Engineers/Program 1/Design" start="@1456345725457" delta="5" />
  <time id="26" path="/Non Project/PSP for Engineers/Program 1/Compile" start="@1456346072939" delta="2" />
  <time id="27" path="/Non Project/PSP for Engineers/Program 1/Test" start="@1456346177034" delta="2" />
  <time id="28" path="/Non Project/PSP for Engineers/Program 1/Design" start="@1456346837236" delta="31" />
  <time id="29" path="/Non Project/PSP for Engineers/Program 1/Code" start="@1456350203512" delta="18" />
  <time id="30" path="/Non Project/PSP for Engineers/Program 1/Compile" start="@1456351291875" delta="3" />
  <time id="31" path="/Non Project/PSP for Engineers/Program 1/Test" start="@1456351466456" delta="16" />
  <time id="32" path="/Non Project/PSP for Engineers/Program 1/Design" start="@1456352442405" delta="16" />
  <time id="33" path="/Non Project/PSP for Engineers/Program 1/Code" start="@1456353399725" delta="5" />
</timeLogEntries>
